{
  "$schema": "https://schema.management.azure.com/schemas/2019-04-01/deploymentTemplate.json#",
  "contentVersion": "1.0.0.0",
  "metadata": {
    "author": "Gigamon",
    "comments": "Solution template for Gigamon Connector"
  },
  "parameters": {
    "location": {
      "type": "string",
      "minLength": 1,
      "defaultValue": "[resourceGroup().location]",
      "metadata": {
        "description": "Not used, but needed to pass arm-ttk test `Location-Should-Not-Be-Hardcoded`.  We instead use the `workspace-location` which is derived from the LA workspace"
      }
    },
    "workspace-location": {
      "type": "string",
      "defaultValue": "",
      "metadata": {
        "description": "[concat('Region to deploy solution resources -- separate from location selection',parameters('location'))]"
      }
    },
    "workspace": {
      "defaultValue": "",
      "type": "string",
      "metadata": {
        "description": "Workspace name for Log Analytics where Microsoft Sentinel is setup"
      }
    },
    "workbook1-name": {
      "type": "string",
      "defaultValue": "Gigamon Workbook",
      "minLength": 1,
      "metadata": {
        "description": "Name for the workbook"
      }
    },
    "resourceGroupName": {
      "type": "string",
      "defaultValue": "[resourceGroup().name]",
      "metadata": {
        "description": "resource group name where Microsoft Sentinel is setup"
      }
    },
    "subscription": {
      "type": "string",
      "defaultValue": "[last(split(subscription().id, '/'))]",
      "metadata": {
        "description": "subscription id where Microsoft Sentinel is setup"
      }
    }
  },
  "variables": {
    "_solutionName": "Gigamon Connector",
    "_solutionVersion": "3.0.1",
    "solutionId": "gigamon-inc.microsoft-sentinel-solution-gigamon",
    "_solutionId": "[variables('solutionId')]",
    "workbookVersion1": "1.0.0",
    "workbookContentId1": "GigamonConnector",
    "workbookId1": "[resourceId('Microsoft.Insights/workbooks', variables('workbookContentId1'))]",
    "workbookTemplateSpecName1": "[concat(parameters('workspace'),'/Microsoft.SecurityInsights/',concat(parameters('workspace'),'-wb-',uniquestring(variables('_workbookContentId1'))))]",
    "_workbookContentId1": "[variables('workbookContentId1')]",
    "workspaceResourceId": "[resourceId('microsoft.OperationalInsights/Workspaces', parameters('workspace'))]",
    "_workbookcontentProductId1": "[concat(take(variables('_solutionId'),50),'-','wb','-', uniqueString(concat(variables('_solutionId'),'-','Workbook','-',variables('_workbookContentId1'),'-', variables('workbookVersion1'))))]",
    "dataConnectorCCPVersion": "3.0.1",
    "_dataConnectorContentIdConnectorDefinition1": "GigamonDefinition",
    "dataConnectorTemplateNameConnectorDefinition1": "[concat(parameters('workspace'),'-dc-',uniquestring(variables('_dataConnectorContentIdConnectorDefinition1')))]",
    "_dataConnectorContentIdConnections1": "GigamonDefinitionConnections",
    "dataConnectorTemplateNameConnections1": "[concat(parameters('workspace'),'-dc-',uniquestring(variables('_dataConnectorContentIdConnections1')))]",
    "dataCollectionEndpointsId1": "[concat('/subscriptions/',parameters('subscription'),'/resourceGroups/',parameters('resourceGroupName'),'/providers/Microsoft.Insights/dataCollectionEndpoints/',parameters('workspace'))]",
    "blanks": "[replace('b', 'b', '')]",
    "_solutioncontentProductId": "[concat(take(variables('_solutionId'),50),'-','sl','-', uniqueString(concat(variables('_solutionId'),'-','Solution','-',variables('_solutionId'),'-', variables('_solutionVersion'))))]"
  },
  "resources": [
    {
      "type": "Microsoft.OperationalInsights/workspaces/providers/contentTemplates",
      "apiVersion": "2023-04-01-preview",
      "name": "[variables('workbookTemplateSpecName1')]",
      "location": "[parameters('workspace-location')]",
      "dependsOn": [
        "[extensionResourceId(resourceId('Microsoft.OperationalInsights/workspaces', parameters('workspace')), 'Microsoft.SecurityInsights/contentPackages', variables('_solutionId'))]"
      ],
      "properties": {
        "description": "Gigamon Workbook with template version 3.0.1",
        "mainTemplate": {
          "$schema": "https://schema.management.azure.com/schemas/2019-04-01/deploymentTemplate.json#",
          "contentVersion": "[variables('workbookVersion1')]",
          "parameters": {},
          "variables": {},
          "resources": [
            {
              "type": "Microsoft.Insights/workbooks",
              "name": "[variables('workbookContentId1')]",
              "location": "[parameters('workspace-location')]",
              "kind": "shared",
              "apiVersion": "2021-08-01",
              "metadata": {
                "description": "A visualized overview of Gigamon AMX Data Connector .\nExplore, analize and learn about your security posture using Gigamon AMX data connector Overview."
              },
              "properties": {
                "displayName": "[parameters('workbook1-name')]",
                "serializedData": "{\"version\":\"Notebook/1.0\",\"items\":[{\"type\":1,\"content\":{\"json\":\"# Gigamon AMX Dashboard \\n---\\n\\n This dashboard provides deep observability into all traffic across Organisation's cloud, virtual and physical infrastructure.\"},\"name\":\"text - 2\"},{\"type\":12,\"content\":{\"version\":\"NotebookGroup/1.0\",\"groupType\":\"editable\",\"items\":[{\"type\":1,\"content\":{\"json\":\"## Network Traffic Summary\\r\\nThe following charts summarize the information about network traffic.\"},\"name\":\"text - Summary\"},{\"type\":1,\"content\":{\"json\":\"### Total Application Mix\"},\"customWidth\":\"30\",\"name\":\"text - Keys\"},{\"type\":1,\"content\":{\"json\":\"### P2P Apps seen in the network\"},\"customWidth\":\"30\",\"name\":\"text - Identities\"},{\"type\":1,\"content\":{\"json\":\"### Presence of Cryptomining Activity\"},\"customWidth\":\"30\",\"name\":\"text - Libraries\"},{\"type\":3,\"content\":{\"version\":\"KqlItem/1.0\",\"query\":\"GigamonV2_CL \\r\\n | summarize c=count() by app_name_s | where not(app_name_s has_any(\\\"Classification-unknown\\\", \\\"Unknown udp\\\", \\\"Unknown tcp\\\")) | sort by c | limit 100;\",\"size\":3,\"queryType\":0,\"resourceType\":\"microsoft.operationalinsights/workspaces\",\"visualization\":\"piechart\",\"chartSettings\":{\"seriesLabelSettings\":[{\"seriesName\":\"icmp\",\"label\":\"icmp\",\"color\":\"green\"},{\"seriesName\":\"dtls\",\"label\":\"Medium dtls\",\"color\":\"orange\"},{\"seriesName\":\"krb5\",\"label\":\"krb5\",\"color\":\"redBright\"},{\"seriesName\":\"https\",\"label\":\"https\",\"color\":\"blue\"}]}},\"customWidth\":\"30\",\"name\":\"query - 1\"},{\"type\":3,\"content\":{\"version\":\"KqlItem/1.0\",\"query\":\"GigamonV2_CL \\r\\n| summarize c=count() by app_name_s | where (app_name_s has_any(\\\"bittorrent\\\", \\\"edonkey\\\", \\\"slsk\\\", \\\"gnutella\\\"))| sort by c | limit 100;\",\"size\":3,\"queryType\":0,\"resourceType\":\"microsoft.operationalinsights/workspaces\",\"visualization\":\"piechart\",\"chartSettings\":{\"seriesLabelSettings\":[{\"seriesName\":\"Low\",\"label\":\"Low Severity\",\"color\":\"green\"},{\"seriesName\":\"Medium\",\"label\":\"Medium Serverity\",\"color\":\"orange\"},{\"seriesName\":\"High\",\"label\":\"High Severity\",\"color\":\"redBright\"},{\"seriesName\":\"Not Defined\",\"color\":\"blue\"},{\"seriesName\":\"bittorrent\",\"label\":\"bittorrent\",\"color\":\"green\"},{\"seriesName\":\"edonkey\",\"label\":\"edonkey\",\"color\":\"orange\"},{\"seriesName\":\"slsk\",\"label\":\"slsk\",\"color\":\"redBright\"},{\"seriesName\":\"gnutella\",\"label\":\"gnutella\",\"color\":\"redBright\"}]}},\"customWidth\":\"33\",\"name\":\"query - 1 - Copy\"},{\"type\":3,\"content\":{\"version\":\"KqlItem/1.0\",\"query\":\"GigamonV2_CL \\r\\n| summarize c=count() by app_name_s | where (app_name_s has_any(\\\"bitcoin\\\", \\\"monero\\\", \\\"ethereum\\\", \\\"miner gate\\\")) | sort by c | limit 100;\",\"size\":3,\"queryType\":0,\"resourceType\":\"microsoft.operationalinsights/workspaces\",\"visualization\":\"piechart\",\"chartSettings\":{\"seriesLabelSettings\":[{\"seriesName\":\"Low\",\"label\":\"Low Severity\",\"color\":\"green\"},{\"seriesName\":\"Medium\",\"label\":\"Medium Serverity\",\"color\":\"orange\"},{\"seriesName\":\"High\",\"label\":\"High Severity\",\"color\":\"redBright\"},{\"seriesName\":\"Not Defined\",\"color\":\"blue\"},{\"seriesName\":\"bitcoin\",\"color\":\"orange\"},{\"seriesName\":\"monero\",\"color\":\"green\"},{\"seriesName\":\"ethereum\",\"color\":\"redBright\"},{\"seriesName\":\"miner gate\",\"color\":\"blue\"}]}},\"customWidth\":\"33\",\"name\":\"query - 1 - Copy - Copy\"},{\"type\":1,\"content\":{\"json\":\"### Presence of IoT Traffic\"},\"customWidth\":\"30\",\"name\":\"text - CryptoState\"},{\"type\":1,\"content\":{\"json\":\"### Info on Expired TLS Certificates still being used\"},\"customWidth\":\"70\",\"name\":\"text - QuantumState\"},{\"type\":3,\"content\":{\"version\":\"KqlItem/1.0\",\"query\":\"GigamonV2_CL \\r\\n | summarize c=count() by app_name_s | where (app_name_s has_any(\\\"iec104\\\", \\\"mqtt\\\", \\\"coap\\\")) | sort by c | limit 100;\",\"size\":3,\"queryType\":0,\"resourceType\":\"microsoft.operationalinsights/workspaces\",\"visualization\":\"piechart\",\"chartSettings\":{\"seriesLabelSettings\":[{\"seriesName\":\"Low\",\"label\":\"Low Severity\",\"color\":\"green\"},{\"seriesName\":\"Medium\",\"label\":\"Medium Serverity\",\"color\":\"orange\"},{\"seriesName\":\"High\",\"label\":\"High Severity\",\"color\":\"redBright\"},{\"seriesName\":\"Not Defined\",\"color\":\"blue\"},{\"seriesName\":\"iec104\",\"color\":\"orange\"},{\"seriesName\":\"mqtt\",\"color\":\"green\"},{\"seriesName\":\"coap\",\"color\":\"redBright\"}]}},\"customWidth\":\"30\",\"name\":\"Crypto - Classical\"},{\"type\":3,\"content\":{\"version\":\"KqlItem/1.0\",\"query\":\"GigamonV2_CL \\r\\n| where isnotempty(app_name_s) and isnotempty(ssl_issuer_s) and isnotempty(ssl_common_name_s) and isnotempty(ssl_validity_not_after_s) | summarize count () by start_time_s,app_name_s,src_ip_s,dst_ip_s,ssl_issuer_s,ssl_common_name_s,ssl_validity_not_after_s | sort by app_name_s; \",\"size\":3,\"queryType\":0,\"resourceType\":\"microsoft.operationalinsights/workspaces\",\"visualization\":\"piechart\",\"chartSettings\":{\"seriesLabelSettings\":[{\"seriesName\":\"icmp\",\"label\":\"icmp\",\"color\":\"green\"},{\"seriesName\":\"dtls\",\"label\":\"Medium dtls\",\"color\":\"orange\"},{\"seriesName\":\"krb5\",\"label\":\"krb5\",\"color\":\"redBright\"},{\"seriesName\":\"https\",\"label\":\"https\",\"color\":\"blue\"}]}},\"customWidth\":\"70\",\"name\":\"PQC Chart\"},{\"type\":12,\"content\":{\"version\":\"NotebookGroup/1.0\",\"groupType\":\"editable\"},\"name\":\"group - 4\"}]},\"name\":\"group - 3\"}]}\n",
                "version": "1.0",
                "sourceId": "[variables('workspaceResourceId')]",
                "category": "sentinel"
              }
            },
            {
              "type": "Microsoft.OperationalInsights/workspaces/providers/metadata",
              "apiVersion": "2022-01-01-preview",
              "name": "[concat(parameters('workspace'),'/Microsoft.SecurityInsights/',concat('Workbook-', last(split(variables('workbookId1'),'/'))))]",
              "properties": {
                "description": "@{workbookKey=GigamonConnector; logoFileName=gigamon.svg; description=A visualized overview of Gigamon AMX Data Connector .\nExplore, analize and learn about your security posture using Gigamon AMX data connector Overview.; dataTypesDependencies=System.Object[]; dataConnectorsDependencies=System.Object[]; previewImagesFileNames=System.Object[]; version=1.0.0; title=Gigamon Workbook; templateRelativePath=Gigamon.json; subtitle=; provider=Gigamon}.description",
                "parentId": "[variables('workbookId1')]",
                "contentId": "[variables('_workbookContentId1')]",
                "kind": "Workbook",
                "version": "[variables('workbookVersion1')]",
                "source": {
                  "kind": "Solution",
                  "name": "Gigamon Connector",
                  "sourceId": "[variables('_solutionId')]"
                },
                "author": {
                  "name": "Gigamon"
                },
                "support": {
                  "tier": "Partner",
                  "name": "Gigamon",
                  "link": "https://www.gigamon.com/"
                },
                "dependencies": {
                  "operator": "AND",
                  "criteria": [
                    {
                      "contentId": "Gigamon_CL",
                      "kind": "DataType"
                    },
                    {
                      "contentId": "GigamonDataConnector",
                      "kind": "DataConnector"
                    }
                  ]
                }
              }
            }
          ]
        },
        "packageKind": "Solution",
        "packageVersion": "[variables('_solutionVersion')]",
        "packageName": "[variables('_solutionName')]",
        "packageId": "[variables('_solutionId')]",
        "contentSchemaVersion": "3.0.0",
        "contentId": "[variables('_workbookContentId1')]",
        "contentKind": "Workbook",
        "displayName": "[parameters('workbook1-name')]",
        "contentProductId": "[variables('_workbookcontentProductId1')]",
        "id": "[variables('_workbookcontentProductId1')]",
        "version": "[variables('workbookVersion1')]"
      }
    },
    {
      "type": "Microsoft.OperationalInsights/workspaces/providers/contentTemplates",
      "apiVersion": "2023-04-01-preview",
      "name": "[concat(parameters('workspace'),'/Microsoft.SecurityInsights/', variables('dataConnectorTemplateNameConnectorDefinition1'), variables('dataConnectorCCPVersion'))]",
      "location": "[parameters('workspace-location')]",
      "dependsOn": [
        "[extensionResourceId(resourceId('Microsoft.OperationalInsights/workspaces', parameters('workspace')), 'Microsoft.SecurityInsights/contentPackages', variables('_solutionId'))]"
      ],
      "properties": {
        "contentId": "[variables('_dataConnectorContentIdConnectorDefinition1')]",
        "displayName": "Gigamon AMX Connector",
        "contentKind": "DataConnector",
        "mainTemplate": {
          "$schema": "https://schema.management.azure.com/schemas/2019-04-01/deploymentTemplate.json#",
          "contentVersion": "[variables('dataConnectorCCPVersion')]",
          "parameters": {},
          "variables": {},
          "resources": [
            {
              "name": "[concat(parameters('workspace'),'/Microsoft.SecurityInsights/',variables('_dataConnectorContentIdConnectorDefinition1'))]",
              "apiVersion": "2022-09-01-preview",
              "type": "Microsoft.OperationalInsights/workspaces/providers/dataConnectorDefinitions",
              "location": "[parameters('workspace-location')]",
              "kind": "Customizable",
              "properties": {
                "connectorUiConfig": {
                  "id": "GigamonDefinition",
                  "title": "Gigamon AMX Connector",
                  "publisher": "GigamonDefinition",
                  "descriptionMarkdown": "The Gigamon connector provides the capability to read raw event data from Gigamon in Microsoft Sentinel.",
                  "graphQueries": [
                    {
                      "metricName": "Activity",
                      "legend": "GigamonV2_CL",
                      "baseQuery": "GigamonV2_CL"
                    },
                    {
                      "metricName": "Threat",
                      "legend": "GigamonV2_CL",
                      "baseQuery": "GigamonV2_CL"
                    }
                  ],
                  "sampleQueries": [
                    {
                      "description": "Gigamon - All Network Logs",
                      "query": "GigamonV2_CL\n | sort by TimeGenerated desc"
                    },
                    {
                      "description": "Gigamon - All Activity events",
                      "query": "GigamonV2_CL\n | sort by TimeGenerated desc"
                    }
                  ],
                  "dataTypes": [
                    {
                      "name": "GigamonV2_CL",
                      "lastDataReceivedQuery": "GigamonV2_CL\n            | summarize Time = max(TimeGenerated)\n            | where isnotempty(Time)"
                    },
                    {
                      "name": "GigamonV2_CL",
                      "lastDataReceivedQuery": "GigamonV2_CL\n            | summarize Time = max(TimeGenerated)\n            | where isnotempty(Time)"
                    }
                  ],
                  "connectivityCriteria": [
                    {
                      "type": "IsConnectedQuery",
                      "value": [
                        "GigamonV2_CL\n            | summarize LastLogReceived = max(TimeGenerated)\n            | project IsConnected = LastLogReceived > ago(7d)",
                        "GigamonV2_CL\n            | summarize LastLogReceived = max(TimeGenerated)\n            | project IsConnected = LastLogReceived > ago(30d)"
                      ]
                    }
                  ],
                  "availability": {
                    "status": 1
                  },
                  "permissions": {
                    "resourceProvider": [
                      {
                        "provider": "Microsoft.OperationalInsights/workspaces",
                        "permissionsDisplayText": "read and write permissions are required.",
                        "providerDisplayName": "Workspace",
                        "scope": "Workspace",
                        "requiredPermissions": {
                          "write": true,
                          "read": true,
                          "delete": true
                        }
                      }
                    ],
                    "customs": [
                      {
                        "name": "Microsoft Entra",
                        "description": "Permission to create an app registration in Microsoft Entra ID. Typically requires Entra ID Application Developer role or higher."
                      },
                      {
                        "name": "Microsoft Azure",
                        "description": "Permission to assign Monitoring Metrics Publisher role on data collection rule (DCR). Typically requires Azure RBAC Owner or User Access Administrator role"
                      }
                    ]
                  },
                  "instructionSteps": [
                    {
                      "title": "1. Create ARM Resources and Provide the Required Permissions",
                      "description": "This connector reads data from the tables that Gigamon CCF uses in a Microsoft Analytics Workspace, if the data forwarding option is enabled in Gigamon CCF then raw event data is sent to the Microsoft Sentinel Ingestion API.",
                      "instructions": [
                        {
                          "type": "Markdown",
                          "parameters": {
                            "content": "#### Automated Configuration and Secure Data Ingestion with Entra Application \nClicking on \"Deploy\" will trigger the creation of Log Analytics tables and a Data Collection Rule (DCR). \nIt will then create an Entra application, link the DCR to it, and set the entered secret in the application. This setup enables data to be sent securely to the DCR using an Entra token."
                          }
                        },
                        {
                          "parameters": {
                            "label": "Deploy Gigamon CCF connector resources",
                            "applicationDisplayName": "Gigamon CCF Connector Application"
                          },
                          "type": "DeployPushConnectorButton"
                        }
                      ]
                    },
                    {
                      "title": "2. Push your logs into the workspace",
                      "description": "Use the following parameters to configure the your machine to send the logs to the workspace.",
                      "instructions": [
                        {
                          "parameters": {
                            "label": "Tenant ID (Directory ID)",
                            "fillWith": [
                              "TenantId"
                            ]
                          },
                          "type": "CopyableLabel"
                        },
                        {
                          "parameters": {
                            "label": "Entra App Registration Application ID",
                            "fillWith": [
                              "ApplicationId"
                            ],
                            "placeholder": "Deploy push connector to get the App Registration Application ID"
                          },
                          "type": "CopyableLabel"
                        },
                        {
                          "parameters": {
                            "label": "Entra App Registration Secret",
                            "fillWith": [
                              "ApplicationSecret"
                            ],
                            "placeholder": "Deploy push connector to get the App Registration Secret"
                          },
                          "type": "CopyableLabel"
                        },
                        {
                          "parameters": {
                            "label": "Data Collection Endpoint Uri",
                            "fillWith": [
                              "DataCollectionEndpoint"
                            ],
                            "placeholder": "Deploy push connector to get the Data Collection Endpoint Uri"
                          },
                          "type": "CopyableLabel"
                        },
                        {
                          "parameters": {
                            "label": "Data Collection Rule Immutable ID",
                            "fillWith": [
                              "DataCollectionRuleId"
                            ],
                            "placeholder": "Deploy push connector to get the Data Collection Rule Immutable ID"
                          },
                          "type": "CopyableLabel"
                        },
                        {
                          "parameters": {
                            "label": "Activity Stream Name",
                            "value": "Custom-GigamonV2_CL"
                          },
                          "type": "CopyableLabel"
                        },
                        {
                          "parameters": {
                            "label": "Threat Stream Name",
                            "value": "Custom-GigamonV2_CL"
                          },
                          "type": "CopyableLabel"
                        }
                      ]
                    }
                  ]
                }
              }
            },
            {
              "name": "[concat(parameters('workspace'),'/Microsoft.SecurityInsights/',concat('DataConnector-', variables('_dataConnectorContentIdConnectorDefinition1')))]",
              "apiVersion": "2022-01-01-preview",
              "type": "Microsoft.OperationalInsights/workspaces/providers/metadata",
              "properties": {
                "parentId": "[extensionResourceId(resourceId('Microsoft.OperationalInsights/workspaces', parameters('workspace')), 'Microsoft.SecurityInsights/dataConnectorDefinitions', variables('_dataConnectorContentIdConnectorDefinition1'))]",
                "contentId": "[variables('_dataConnectorContentIdConnectorDefinition1')]",
                "kind": "DataConnector",
                "version": "[variables('dataConnectorCCPVersion')]",
                "source": {
                  "sourceId": "[variables('_solutionId')]",
                  "name": "[variables('_solutionName')]",
                  "kind": "Solution"
                },
                "author": {
                  "name": "Gigamon"
                },
                "support": {
                  "tier": "Partner",
                  "name": "Gigamon",
                  "link": "https://www.gigamon.com/"
                },
                "dependencies": {
                  "criteria": [
                    {
                      "version": "[variables('dataConnectorCCPVersion')]",
                      "contentId": "[variables('_dataConnectorContentIdConnections1')]",
                      "kind": "ResourcesDataConnector"
                    }
                  ]
                }
              }
            },
            {
              "name": "GigamonCustomDCR",
              "apiVersion": "2022-06-01",
              "type": "Microsoft.Insights/dataCollectionRules",
              "location": "[parameters('workspace-location')]",
              "kind": "[variables('blanks')]",
              "properties": {
                "streamDeclarations": {
                  "Custom-Gigamon": {
                    "columns": [
                      {
                        "name": "TimeGenerated",
                        "type": "datetime"
                      },
                      {
                        "name": "RawData",
                        "type": "string"
                      },
                      {
                        "name": "ts",
                        "type": "string"
                      },
                      {
                        "name": "vendor",
                        "type": "string"
                      },
                      {
                        "name": "version",
                        "type": "string"
                      },
                      {
                        "name": "generator",
                        "type": "string"
                      },
                      {
                        "name": "dst_mac",
                        "type": "string"
                      },
                      {
                        "name": "src_mac",
                        "type": "string"
                      },
                      {
                        "name": "device_inbound_interface",
                        "type": "string"
                      },
                      {
                        "name": "app_id",
                        "type": "string"
                      },
                      {
                        "name": "src_ipv6",
                        "type": "string"
                      },
                      {
                        "name": "dst_ipv6",
                        "type": "string"
                      },
                      {
                        "name": "ip_version",
                        "type": "string"
                      },
                      {
                        "name": "next_hdr_v6",
                        "type": "string"
                      },
                      {
                        "name": "src_bytes",
                        "type": "string"
                      },
                      {
                        "name": "dst_bytes",
                        "type": "string"
                      },
                      {
                        "name": "src_packets",
                        "type": "string"
                      },
                      {
                        "name": "dst_packets",
                        "type": "string"
                      },
                      {
                        "name": "start_time",
                        "type": "string"
                      },
                      {
                        "name": "end_time",
                        "type": "string"
                      },
                      {
                        "name": "intf_name",
                        "type": "string"
                      },
                      {
                        "name": "egress_intf_id",
                        "type": "string"
                      },
                      {
                        "name": "app_name",
                        "type": "string"
                      },
                      {
                        "name": "id",
                        "type": "string"
                      },
                      {
                        "name": "seq_num",
                        "type": "string"
                      },
                      {
                        "name": "src_ip",
                        "type": "string"
                      },
                      {
                        "name": "dst_ip",
                        "type": "string"
                      },
                      {
                        "name": "protocol",
                        "type": "string"
                      },
                      {
                        "name": "src_port",
                        "type": "string"
                      },
                      {
                        "name": "dst_port",
                        "type": "string"
                      },
                      {
                        "name": "dns_name",
                        "type": "string"
                      },
                      {
                        "name": "dns_host",
                        "type": "string"
                      },
                      {
                        "name": "dns_host_addr",
                        "type": "string"
                      },
                      {
                        "name": "dns_host_type",
                        "type": "string"
                      },
                      {
                        "name": "dns_reply_code",
                        "type": "string"
                      },
                      {
                        "name": "dns_ttl",
                        "type": "string"
                      },
                      {
                        "name": "dns_flags",
                        "type": "string"
                      },
                      {
                        "name": "dns_opcode",
                        "type": "string"
                      },
                      {
                        "name": "dns_class",
                        "type": "string"
                      },
                      {
                        "name": "dns_host_class",
                        "type": "string"
                      },
                      {
                        "name": "dns_host_raw",
                        "type": "string"
                      },
                      {
                        "name": "dns_query",
                        "type": "string"
                      },
                      {
                        "name": "dns_query_type",
                        "type": "string"
                      },
                      {
                        "name": "app_tags",
                        "type": "string"
                      },
                      {
                        "name": "ssl_handshake_type",
                        "type": "string"
                      },
                      {
                        "name": "ssl_cipher_suite_id",
                        "type": "string"
                      },
                      {
                        "name": "ssl_protocol_version",
                        "type": "string"
                      },
                      {
                        "name": "ssl_ext_sig_algorithms_len",
                        "type": "string"
                      },
                      {
                        "name": "ssl_ext_sig_algorithm_scheme",
                        "type": "string"
                      },
                      {
                        "name": "ssl_ext_sig_algorithm_hash",
                        "type": "string"
                      },
                      {
                        "name": "ssl_ext_sig_algorithm_sig",
                        "type": "string"
                      },
                      {
                        "name": "ssl_fingerprint_ja3",
                        "type": "string"
                      },
                      {
                        "name": "ssl_fingerprint_ja3s",
                        "type": "string"
                      },
                      {
                        "name": "ssl_key_share_group",
                        "type": "string"
                      },
                      {
                        "name": "ssl_fingerprint_ja3_full",
                        "type": "string"
                      },
                      {
                        "name": "ssl_fingerprint_ja3s_full",
                        "type": "string"
                      },
                      {
                        "name": "ssl_common_name",
                        "type": "string"
                      },
                      {
                        "name": "ssl_issuer",
                        "type": "string"
                      },
                      {
                        "name": "ssl_validity_not_before",
                        "type": "string"
                      },
                      {
                        "name": "ssl_validity_not_after",
                        "type": "string"
                      },
                      {
                        "name": "ssl_certificate_raw",
                        "type": "string"
                      },
                      {
                        "name": "ssl_organization_name",
                        "type": "string"
                      },
                      {
                        "name": "ssl_content_type",
                        "type": "string"
                      },
                      {
                        "name": "ssl_common_name_raw",
                        "type": "string"
                      },
                      {
                        "name": "ssl_certificate_subject_cn",
                        "type": "string"
                      },
                      {
                        "name": "ssl_certificate_subject_o",
                        "type": "string"
                      },
                      {
                        "name": "ssl_certificate_subject_c",
                        "type": "string"
                      },
                      {
                        "name": "ssl_certificate_dn_issuer",
                        "type": "string"
                      },
                      {
                        "name": "ssl_certificate_issuer_c",
                        "type": "string"
                      },
                      {
                        "name": "ssl_certificate_subject_key_algo_raw",
                        "type": "string"
                      },
                      {
                        "name": "ssl_certificate_subject_key_algo_oid_raw",
                        "type": "string"
                      },
                      {
                        "name": "ssl_certificate_subject_key_algo_oid",
                        "type": "string"
                      },
                      {
                        "name": "ssl_certificate_subject_key_size",
                        "type": "string"
                      },
                      {
                        "name": "ssl_certificate_subject_key_value_raw",
                        "type": "string"
                      },
                      {
                        "name": "ssl_certificate_algo_raw",
                        "type": "string"
                      },
                      {
                        "name": "ssl_certificate_algo_oid_raw",
                        "type": "string"
                      },
                      {
                        "name": "ssl_certificate_algo_oid",
                        "type": "string"
                      },
                      {
                        "name": "ssl_session_id",
                        "type": "string"
                      },
                      {
                        "name": "src_inner_bytes",
                        "type": "string"
                      },
                      {
                        "name": "mpls",
                        "type": "string"
                      },
                      {
                        "name": "tcp_sport",
                        "type": "string"
                      },
                      {
                        "name": "tcp_dport",
                        "type": "string"
                      },
                      {
                        "name": "udp_sport",
                        "type": "string"
                      },
                      {
                        "name": "udp_dport",
                        "type": "string"
                      },
                      {
                        "name": "app_family",
                        "type": "string"
                      },
                      {
                        "name": "dst_inner_bytes",
                        "type": "string"
                      },
                      {
                        "name": "total_bytes",
                        "type": "string"
                      },
                      {
                        "name": "total_packets",
                        "type": "string"
                      },
                      {
                        "name": "ingress_vlan_id",
                        "type": "string"
                      },
                      {
                        "name": "ip_ttl",
                        "type": "string"
                      },
                      {
                        "name": "tcp_flags",
                        "type": "string"
                      },
                      {
                        "name": "ip_hdr_len",
                        "type": "string"
                      },
                      {
                        "name": "ip_frag_flags",
                        "type": "string"
                      },
                      {
                        "name": "tcp_ack_id",
                        "type": "string"
                      },
                      {
                        "name": "tcp_hdr_len",
                        "type": "string"
                      },
                      {
                        "name": "tcp_seq_no",
                        "type": "string"
                      },
                      {
                        "name": "tcp_win_size",
                        "type": "string"
                      },
                      {
                        "name": "udp_msg_len",
                        "type": "string"
                      },
                      {
                        "name": "flow_start_usec",
                        "type": "string"
                      },
                      {
                        "name": "flow_end_usec",
                        "type": "string"
                      },
                      {
                        "name": "flow_start_sec",
                        "type": "string"
                      },
                      {
                        "name": "flow_end_sec",
                        "type": "string"
                      },
                      {
                        "name": "outer_src_ip",
                        "type": "string"
                      },
                      {
                        "name": "outer_dst_ip",
                        "type": "string"
                      },
                      {
                        "name": "tcpflagsyn",
                        "type": "string"
                      },
                      {
                        "name": "tcpflagsynack",
                        "type": "string"
                      },
                      {
                        "name": "tcpflagfin",
                        "type": "string"
                      },
                      {
                        "name": "tcpflagrst",
                        "type": "string"
                      },
                      {
                        "name": "tcp_rtt",
                        "type": "string"
                      },
                      {
                        "name": "tcp_loss_count",
                        "type": "string"
                      },
                      {
                        "name": "ip_wrong_crc",
                        "type": "string"
                      },
                      {
                        "name": "dnp3_al_function_code",
                        "type": "string"
                      },
                      {
                        "name": "dnp3_dl_function_code",
                        "type": "string"
                      },
                      {
                        "name": "dnp3_dl_dir",
                        "type": "string"
                      },
                      {
                        "name": "modbus_exception_code",
                        "type": "string"
                      },
                      {
                        "name": "SSL_version",
                        "type": "string"
                      },
                      {
                        "name": "http_code",
                        "type": "string"
                      },
                      {
                        "name": "http_rtt",
                        "type": "string"
                      },
                      {
                        "name": "tcp_rtt_app",
                        "type": "string"
                      },
                      {
                        "name": "tcp_flag_reset",
                        "type": "string"
                      },
                      {
                        "name": "dns_response_time",
                        "type": "string"
                      },
                      {
                        "name": "http_content_encoding",
                        "type": "string"
                      },
                      {
                        "name": "snmp_version",
                        "type": "string"
                      },
                      {
                        "name": "smb_version",
                        "type": "string"
                      },
                      {
                        "name": "http_version",
                        "type": "string"
                      },
                      {
                        "name": "hl7_version",
                        "type": "string"
                      },
                      {
                        "name": "hl7_msg_seg_name",
                        "type": "string"
                      },
                      {
                        "name": "dicom_pdu_data_pdv_elem_val_cs",
                        "type": "string"
                      },
                      {
                        "name": "dicom_pdu_data_pdv_elem_val_pn",
                        "type": "string"
                      }
                    ]
                  }
                },
                "destinations": {
                  "logAnalytics": [
                    {
                      "workspaceResourceId": "[variables('workspaceResourceId')]",
                      "name": "gigamonws1"
                    }
                  ]
                },
                "dataFlows": [
                  {
                    "streams": [
                      "Custom-Gigamon"
                    ],
                    "destinations": [
                      "gigamonws1"
                    ],
                    "transformKql": "source | extend TimeGenerated = now()",
                    "outputStream": "Custom-GigamonV2_CL"
                  }
                ],
                "dataCollectionEndpointId": "[variables('dataCollectionEndpointsId1')]"
              }
            },
            {
              "name": "GigamonV2_CL",
              "apiVersion": "2022-10-01",
              "type": "Microsoft.OperationalInsights/workspaces/tables",
              "location": "[parameters('workspace-location')]",
              "kind": null,
              "properties": {
                "plan": "Analytics",
                "schema": {
                  "name": "GigamonV2_CL",
                  "columns": [
                    {
                      "name": "TimeGenerated",
                      "type": "datetime"
                    },
                    {
                      "name": "RawData",
                      "type": "string"
                    },
                    {
                      "name": "ts",
                      "type": "string"
                    },
                    {
                      "name": "vendor",
                      "type": "string"
                    },
                    {
                      "name": "version",
                      "type": "string"
                    },
                    {
                      "name": "generator",
                      "type": "string"
                    },
                    {
                      "name": "dst_mac",
                      "type": "string"
                    },
                    {
                      "name": "src_mac",
                      "type": "string"
                    },
                    {
                      "name": "device_inbound_interface",
                      "type": "string"
                    },
                    {
                      "name": "app_id",
                      "type": "string"
                    },
                    {
                      "name": "src_ipv6",
                      "type": "string"
                    },
                    {
                      "name": "dst_ipv6",
                      "type": "string"
                    },
                    {
                      "name": "ip_version",
                      "type": "string"
                    },
                    {
                      "name": "next_hdr_v6",
                      "type": "string"
                    },
                    {
                      "name": "src_bytes",
                      "type": "string"
                    },
                    {
                      "name": "dst_bytes",
                      "type": "string"
                    },
                    {
                      "name": "src_packets",
                      "type": "string"
                    },
                    {
                      "name": "dst_packets",
                      "type": "string"
                    },
                    {
                      "name": "start_time",
                      "type": "string"
                    },
                    {
                      "name": "end_time",
                      "type": "string"
                    },
                    {
                      "name": "intf_name",
                      "type": "string"
                    },
                    {
                      "name": "egress_intf_id",
                      "type": "string"
                    },
                    {
                      "name": "app_name",
                      "type": "string"
                    },
                    {
                      "name": "id",
                      "type": "string"
                    },
                    {
                      "name": "seq_num",
                      "type": "string"
                    },
                    {
                      "name": "src_ip",
                      "type": "string"
                    },
                    {
                      "name": "dst_ip",
                      "type": "string"
                    },
                    {
                      "name": "protocol",
                      "type": "string"
                    },
                    {
                      "name": "src_port",
                      "type": "string"
                    },
                    {
                      "name": "dst_port",
                      "type": "string"
                    },
                    {
                      "name": "dns_name",
                      "type": "string"
                    },
                    {
                      "name": "dns_host",
                      "type": "string"
                    },
                    {
                      "name": "dns_host_addr",
                      "type": "string"
                    },
                    {
                      "name": "dns_host_type",
                      "type": "string"
                    },
                    {
                      "name": "dns_reply_code",
                      "type": "string"
                    },
                    {
                      "name": "dns_ttl",
                      "type": "string"
                    },
                    {
                      "name": "dns_flags",
                      "type": "string"
                    },
                    {
                      "name": "dns_opcode",
                      "type": "string"
                    },
                    {
                      "name": "dns_class",
                      "type": "string"
                    },
                    {
                      "name": "dns_host_class",
                      "type": "string"
                    },
                    {
                      "name": "dns_host_raw",
                      "type": "string"
                    },
                    {
                      "name": "dns_query",
                      "type": "string"
                    },
                    {
                      "name": "dns_query_type",
                      "type": "string"
                    },
                    {
                      "name": "app_tags",
                      "type": "string"
                    },
                    {
                      "name": "ssl_handshake_type",
                      "type": "string"
                    },
                    {
                      "name": "ssl_cipher_suite_id",
                      "type": "string"
                    },
                    {
                      "name": "ssl_protocol_version",
                      "type": "string"
                    },
                    {
                      "name": "ssl_ext_sig_algorithms_len",
                      "type": "string"
                    },
                    {
                      "name": "ssl_ext_sig_algorithm_scheme",
                      "type": "string"
                    },
                    {
                      "name": "ssl_ext_sig_algorithm_hash",
                      "type": "string"
                    },
                    {
                      "name": "ssl_ext_sig_algorithm_sig",
                      "type": "string"
                    },
                    {
                      "name": "ssl_fingerprint_ja3",
                      "type": "string"
                    },
                    {
                      "name": "ssl_fingerprint_ja3s",
                      "type": "string"
                    },
                    {
                      "name": "ssl_key_share_group",
                      "type": "string"
                    },
                    {
                      "name": "ssl_fingerprint_ja3_full",
                      "type": "string"
                    },
                    {
                      "name": "ssl_fingerprint_ja3s_full",
                      "type": "string"
                    },
                    {
                      "name": "ssl_common_name",
                      "type": "string"
                    },
                    {
                      "name": "ssl_issuer",
                      "type": "string"
                    },
                    {
                      "name": "ssl_validity_not_before",
                      "type": "string"
                    },
                    {
                      "name": "ssl_validity_not_after",
                      "type": "string"
                    },
                    {
                      "name": "ssl_certificate_raw",
                      "type": "string"
                    },
                    {
                      "name": "ssl_organization_name",
                      "type": "string"
                    },
                    {
                      "name": "ssl_content_type",
                      "type": "string"
                    },
                    {
                      "name": "ssl_common_name_raw",
                      "type": "string"
                    },
                    {
                      "name": "ssl_certificate_subject_cn",
                      "type": "string"
                    },
                    {
                      "name": "ssl_certificate_subject_o",
                      "type": "string"
                    },
                    {
                      "name": "ssl_certificate_subject_c",
                      "type": "string"
                    },
                    {
                      "name": "ssl_certificate_dn_issuer",
                      "type": "string"
                    },
                    {
                      "name": "ssl_certificate_issuer_c",
                      "type": "string"
                    },
                    {
                      "name": "ssl_certificate_subject_key_algo_raw",
                      "type": "string"
                    },
                    {
                      "name": "ssl_certificate_subject_key_algo_oid_raw",
                      "type": "string"
                    },
                    {
                      "name": "ssl_certificate_subject_key_algo_oid",
                      "type": "string"
                    },
                    {
                      "name": "ssl_certificate_subject_key_size",
                      "type": "string"
                    },
                    {
                      "name": "ssl_certificate_subject_key_value_raw",
                      "type": "string"
                    },
                    {
                      "name": "ssl_certificate_algo_raw",
                      "type": "string"
                    },
                    {
                      "name": "ssl_certificate_algo_oid_raw",
                      "type": "string"
                    },
                    {
                      "name": "ssl_certificate_algo_oid",
                      "type": "string"
                    },
                    {
                      "name": "ssl_session_id",
                      "type": "string"
                    },
                    {
                      "name": "src_inner_bytes",
                      "type": "string"
                    },
                    {
                      "name": "mpls",
                      "type": "string"
                    },
                    {
                      "name": "tcp_sport",
                      "type": "string"
                    },
                    {
                      "name": "tcp_dport",
                      "type": "string"
                    },
                    {
                      "name": "udp_sport",
                      "type": "string"
                    },
                    {
                      "name": "udp_dport",
                      "type": "string"
                    },
                    {
                      "name": "app_family",
                      "type": "string"
                    },
                    {
                      "name": "dst_inner_bytes",
                      "type": "string"
                    },
                    {
                      "name": "total_bytes",
                      "type": "string"
                    },
                    {
                      "name": "total_packets",
                      "type": "string"
                    },
                    {
                      "name": "ingress_vlan_id",
                      "type": "string"
                    },
                    {
                      "name": "ip_ttl",
                      "type": "string"
                    },
                    {
                      "name": "tcp_flags",
                      "type": "string"
                    },
                    {
                      "name": "ip_hdr_len",
                      "type": "string"
                    },
                    {
                      "name": "ip_frag_flags",
                      "type": "string"
                    },
                    {
                      "name": "tcp_ack_id",
                      "type": "string"
                    },
                    {
                      "name": "tcp_hdr_len",
                      "type": "string"
                    },
                    {
                      "name": "tcp_seq_no",
                      "type": "string"
                    },
                    {
                      "name": "tcp_win_size",
                      "type": "string"
                    },
                    {
                      "name": "udp_msg_len",
                      "type": "string"
                    },
                    {
                      "name": "flow_start_usec",
                      "type": "string"
                    },
                    {
                      "name": "flow_end_usec",
                      "type": "string"
                    },
                    {
                      "name": "flow_start_sec",
                      "type": "string"
                    },
                    {
                      "name": "flow_end_sec",
                      "type": "string"
                    },
                    {
                      "name": "outer_src_ip",
                      "type": "string"
                    },
                    {
                      "name": "outer_dst_ip",
                      "type": "string"
                    },
                    {
                      "name": "tcpflagsyn",
                      "type": "string"
                    },
                    {
                      "name": "tcpflagsynack",
                      "type": "string"
                    },
                    {
                      "name": "tcpflagfin",
                      "type": "string"
                    },
                    {
                      "name": "tcpflagrst",
                      "type": "string"
                    },
                    {
                      "name": "tcp_rtt",
                      "type": "string"
                    },
                    {
                      "name": "tcp_loss_count",
                      "type": "string"
                    },
                    {
                      "name": "ip_wrong_crc",
                      "type": "string"
                    },
                    {
                      "name": "dnp3_al_function_code",
                      "type": "string"
                    },
                    {
                      "name": "dnp3_dl_function_code",
                      "type": "string"
                    },
                    {
                      "name": "dnp3_dl_dir",
                      "type": "string"
                    },
                    {
                      "name": "modbus_exception_code",
                      "type": "string"
                    },
                    {
                      "name": "SSL_version",
                      "type": "string"
                    },
                    {
                      "name": "http_code",
                      "type": "string"
                    },
                    {
                      "name": "http_rtt",
                      "type": "string"
                    },
                    {
                      "name": "tcp_rtt_app",
                      "type": "string"
                    },
                    {
                      "name": "tcp_flag_reset",
                      "type": "string"
                    },
                    {
                      "name": "dns_response_time",
                      "type": "string"
                    },
                    {
                      "name": "http_content_encoding",
                      "type": "string"
                    },
                    {
                      "name": "snmp_version",
                      "type": "string"
                    },
                    {
                      "name": "smb_version",
                      "type": "string"
                    },
                    {
                      "name": "http_version",
                      "type": "string"
                    },
                    {
                      "name": "hl7_version",
                      "type": "string"
                    },
                    {
                      "name": "hl7_msg_seg_name",
                      "type": "string"
                    },
                    {
                      "name": "dicom_pdu_data_pdv_elem_val_cs",
                      "type": "string"
                    },
                    {
                      "name": "dicom_pdu_data_pdv_elem_val_pn",
                      "type": "string"
                    }
                  ]
                }
              }
            }
          ]
        },
        "packageKind": "Solution",
        "packageVersion": "[variables('_solutionVersion')]",
        "packageName": "[variables('_solutionName')]",
        "contentProductId": "[concat(take(variables('_solutionId'), 50),'-','dc','-', uniqueString(concat(variables('_solutionId'),'-','DataConnector','-',variables('_dataConnectorContentIdConnectorDefinition1'),'-', variables('dataConnectorCCPVersion'))))]",
        "packageId": "[variables('_solutionId')]",
        "contentSchemaVersion": "3.0.0",
        "version": "[variables('dataConnectorCCPVersion')]"
      }
    },
    {
      "name": "[concat(parameters('workspace'),'/Microsoft.SecurityInsights/',variables('_dataConnectorContentIdConnectorDefinition1'))]",
      "apiVersion": "2022-09-01-preview",
      "type": "Microsoft.OperationalInsights/workspaces/providers/dataConnectorDefinitions",
      "location": "[parameters('workspace-location')]",
      "kind": "Customizable",
      "properties": {
        "connectorUiConfig": {
          "id": "GigamonDefinition",
          "title": "Gigamon AMX Connector",
          "publisher": "GigamonDefinition",
          "descriptionMarkdown": "The Gigamon connector provides the capability to read raw event data from Gigamon in Microsoft Sentinel.",
          "graphQueries": [
            {
              "metricName": "Activity",
              "legend": "GigamonV2_CL",
              "baseQuery": "GigamonV2_CL"
            },
            {
              "metricName": "Threat",
              "legend": "GigamonV2_CL",
              "baseQuery": "GigamonV2_CL"
            }
          ],
          "sampleQueries": [
            {
              "description": "Gigamon - All Network Logs",
              "query": "GigamonV2_CL\n | sort by TimeGenerated desc"
            },
            {
              "description": "Gigamon - All Activity events",
              "query": "GigamonV2_CL\n | sort by TimeGenerated desc"
            }
          ],
          "dataTypes": [
            {
              "name": "GigamonV2_CL",
              "lastDataReceivedQuery": "GigamonV2_CL\n            | summarize Time = max(TimeGenerated)\n            | where isnotempty(Time)"
            },
            {
              "name": "GigamonV2_CL",
              "lastDataReceivedQuery": "GigamonV2_CL\n            | summarize Time = max(TimeGenerated)\n            | where isnotempty(Time)"
            }
          ],
          "connectivityCriteria": [
            {
              "type": "IsConnectedQuery",
              "value": [
                "GigamonV2_CL\n            | summarize LastLogReceived = max(TimeGenerated)\n            | project IsConnected = LastLogReceived > ago(7d)",
                "GigamonV2_CL\n            | summarize LastLogReceived = max(TimeGenerated)\n            | project IsConnected = LastLogReceived > ago(30d)"
              ]
            }
          ],
          "availability": {
            "status": 1
          },
          "permissions": {
            "resourceProvider": [
              {
                "provider": "Microsoft.OperationalInsights/workspaces",
                "permissionsDisplayText": "read and write permissions are required.",
                "providerDisplayName": "Workspace",
                "scope": "Workspace",
                "requiredPermissions": {
                  "write": true,
                  "read": true,
                  "delete": true
                }
              }
            ],
            "customs": [
              {
                "name": "Microsoft Entra",
                "description": "Permission to create an app registration in Microsoft Entra ID. Typically requires Entra ID Application Developer role or higher."
              },
              {
                "name": "Microsoft Azure",
                "description": "Permission to assign Monitoring Metrics Publisher role on data collection rule (DCR). Typically requires Azure RBAC Owner or User Access Administrator role"
              }
            ]
          },
          "instructionSteps": [
            {
              "title": "1. Create ARM Resources and Provide the Required Permissions",
              "description": "This connector reads data from the tables that Gigamon CCF uses in a Microsoft Analytics Workspace, if the data forwarding option is enabled in Gigamon CCF then raw event data is sent to the Microsoft Sentinel Ingestion API.",
              "instructions": [
                {
                  "type": "Markdown",
                  "parameters": {
                    "content": "#### Automated Configuration and Secure Data Ingestion with Entra Application \nClicking on \"Deploy\" will trigger the creation of Log Analytics tables and a Data Collection Rule (DCR). \nIt will then create an Entra application, link the DCR to it, and set the entered secret in the application. This setup enables data to be sent securely to the DCR using an Entra token."
                  }
                },
                {
                  "parameters": {
                    "label": "Deploy Gigamon CCF connector resources",
                    "applicationDisplayName": "Gigamon CCF Connector Application"
                  },
                  "type": "DeployPushConnectorButton"
                }
              ]
            },
            {
              "title": "2. Push your logs into the workspace",
              "description": "Use the following parameters to configure the your machine to send the logs to the workspace.",
              "instructions": [
                {
                  "parameters": {
                    "label": "Tenant ID (Directory ID)",
                    "fillWith": [
                      "TenantId"
                    ]
                  },
                  "type": "CopyableLabel"
                },
                {
                  "parameters": {
                    "label": "Entra App Registration Application ID",
                    "fillWith": [
                      "ApplicationId"
                    ],
                    "placeholder": "Deploy push connector to get the App Registration Application ID"
                  },
                  "type": "CopyableLabel"
                },
                {
                  "parameters": {
                    "label": "Entra App Registration Secret",
                    "fillWith": [
                      "ApplicationSecret"
                    ],
                    "placeholder": "Deploy push connector to get the App Registration Secret"
                  },
                  "type": "CopyableLabel"
                },
                {
                  "parameters": {
                    "label": "Data Collection Endpoint Uri",
                    "fillWith": [
                      "DataCollectionEndpoint"
                    ],
                    "placeholder": "Deploy push connector to get the Data Collection Endpoint Uri"
                  },
                  "type": "CopyableLabel"
                },
                {
                  "parameters": {
                    "label": "Data Collection Rule Immutable ID",
                    "fillWith": [
                      "DataCollectionRuleId"
                    ],
                    "placeholder": "Deploy push connector to get the Data Collection Rule Immutable ID"
                  },
                  "type": "CopyableLabel"
                },
                {
                  "parameters": {
                    "label": "Activity Stream Name",
                    "value": "Custom-GigamonV2_CL"
                  },
                  "type": "CopyableLabel"
                },
                {
                  "parameters": {
                    "label": "Threat Stream Name",
                    "value": "Custom-GigamonV2_CL"
                  },
                  "type": "CopyableLabel"
                }
              ]
            }
          ]
        }
      }
    },
    {
      "name": "[concat(parameters('workspace'),'/Microsoft.SecurityInsights/',concat('DataConnector-', variables('_dataConnectorContentIdConnectorDefinition1')))]",
      "apiVersion": "2022-01-01-preview",
      "type": "Microsoft.OperationalInsights/workspaces/providers/metadata",
      "properties": {
        "parentId": "[extensionResourceId(resourceId('Microsoft.OperationalInsights/workspaces', parameters('workspace')), 'Microsoft.SecurityInsights/dataConnectorDefinitions', variables('_dataConnectorContentIdConnectorDefinition1'))]",
        "contentId": "[variables('_dataConnectorContentIdConnectorDefinition1')]",
        "kind": "DataConnector",
        "version": "[variables('dataConnectorCCPVersion')]",
        "source": {
          "sourceId": "[variables('_solutionId')]",
          "name": "[variables('_solutionName')]",
          "kind": "Solution"
        },
        "author": {
          "name": "Gigamon"
        },
        "support": {
          "tier": "Partner",
          "name": "Gigamon",
          "link": "https://www.gigamon.com/"
        },
        "dependencies": {
          "criteria": [
            {
              "version": "[variables('dataConnectorCCPVersion')]",
              "contentId": "[variables('_dataConnectorContentIdConnections1')]",
              "kind": "ResourcesDataConnector"
            }
          ]
        }
      }
    },
    {
      "type": "Microsoft.OperationalInsights/workspaces/providers/contentTemplates",
      "apiVersion": "2023-04-01-preview",
      "name": "[concat(parameters('workspace'),'/Microsoft.SecurityInsights/', variables('dataConnectorTemplateNameConnections1'), variables('dataConnectorCCPVersion'))]",
      "location": "[parameters('workspace-location')]",
      "dependsOn": [
        "[extensionResourceId(resourceId('Microsoft.OperationalInsights/workspaces', parameters('workspace')), 'Microsoft.SecurityInsights/contentPackages', variables('_solutionId'))]"
      ],
      "properties": {
        "contentId": "[variables('_dataConnectorContentIdConnections1')]",
        "displayName": "Gigamon AMX Connector",
        "contentKind": "ResourcesDataConnector",
        "mainTemplate": {
          "$schema": "https://schema.management.azure.com/schemas/2019-04-01/deploymentTemplate.json#",
          "contentVersion": "[variables('dataConnectorCCPVersion')]",
          "parameters": {
            "guidValue": {
              "defaultValue": "[[newGuid()]",
              "type": "securestring"
            },
            "innerWorkspace": {
              "defaultValue": "[parameters('workspace')]",
              "type": "securestring"
            },
            "auth": {
              "type": "object",
              "defaultValue": {
                "appId": "[[parameters('auth').appId]]",
                "servicePrincipalId": "[[parameters('auth').servicePrincipalId]]"
              }
            },
            "connectorDefinitionName": {
              "defaultValue": "Gigamon AMX Connector",
              "type": "securestring",
              "minLength": 1
            },
            "workspace": {
              "defaultValue": "[parameters('workspace')]",
              "type": "securestring"
            },
            "dcrConfig": {
              "defaultValue": {
                "dataCollectionEndpoint": "data collection Endpoint",
                "dataCollectionRuleImmutableId": "data collection rule immutableId"
              },
              "type": "object"
            }
          },
          "variables": {
            "_dataConnectorContentIdConnections1": "[variables('_dataConnectorContentIdConnections1')]"
          },
          "resources": [
            {
              "name": "[concat(parameters('workspace'),'/Microsoft.SecurityInsights/',concat('DataConnector-', variables('_dataConnectorContentIdConnections1')))]",
              "apiVersion": "2022-01-01-preview",
              "type": "Microsoft.OperationalInsights/workspaces/providers/metadata",
              "properties": {
                "parentId": "[extensionResourceId(resourceId('Microsoft.OperationalInsights/workspaces', parameters('workspace')), 'Microsoft.SecurityInsights/dataConnectors', variables('_dataConnectorContentIdConnections1'))]",
                "contentId": "[variables('_dataConnectorContentIdConnections1')]",
                "kind": "ResourcesDataConnector",
                "version": "[variables('dataConnectorCCPVersion')]",
                "source": {
                  "sourceId": "[variables('_solutionId')]",
                  "name": "[variables('_solutionName')]",
                  "kind": "Solution"
                },
                "author": {
                  "name": "Gigamon"
                },
                "support": {
                  "tier": "Partner",
                  "name": "Gigamon",
                  "link": "https://www.gigamon.com/"
                }
              }
            },
            {
              "name": "[[concat(parameters('innerWorkspace'),'/Microsoft.SecurityInsights/', 'GigamonPushConnectorPolling', parameters('guidValue'))]",
              "apiVersion": "2023-02-01-preview",
              "type": "Microsoft.OperationalInsights/workspaces/providers/dataConnectors",
              "location": "[parameters('workspace-location')]",
              "kind": "Push",
              "properties": {
                "connectorDefinitionName": "GigamonDefinition",
                "dcrConfig": {
                  "streamName": "Custom-Gigamon",
                  "dataCollectionEndpoint": "[[parameters('dcrConfig').dataCollectionEndpoint]",
                  "dataCollectionRuleImmutableId": "[[parameters('dcrConfig').dataCollectionRuleImmutableId]"
                },
                "auth": {
                  "type": "Push",
                  "AppId": "[[parameters('auth').appId]",
                  "ServicePrincipalId": "[[parameters('auth').servicePrincipalId]"
                },
                "request": {
                  "RetryCount": 1
                },
                "response": {
                  "eventsJsonPaths": [
                    "$.messages"
                  ]
                }
              }
            }
          ]
        },
        "packageKind": "Solution",
        "packageVersion": "[variables('_solutionVersion')]",
        "packageName": "[variables('_solutionName')]",
        "contentProductId": "[concat(take(variables('_solutionId'), 50),'-','rdc','-', uniqueString(concat(variables('_solutionId'),'-','ResourcesDataConnector','-',variables('_dataConnectorContentIdConnections1'),'-', variables('dataConnectorCCPVersion'))))]",
        "packageId": "[variables('_solutionId')]",
        "contentSchemaVersion": "3.0.0",
        "version": "[variables('dataConnectorCCPVersion')]"
      }
    },
    {
      "type": "Microsoft.OperationalInsights/workspaces/providers/contentPackages",
      "apiVersion": "2023-04-01-preview",
      "location": "[parameters('workspace-location')]",
      "properties": {
        "version": "3.0.1",
        "kind": "Solution",
        "contentSchemaVersion": "3.0.0",
        "displayName": "Gigamon Connector",
        "publisherDisplayName": "Gigamon",
        "descriptionHtml": "<p><strong>Note:</strong> Please refer to the following before installing the solution:</p>\n<p>• Review the solution <a href=\"https://github.com/Azure/Azure-Sentinel/tree/master/Solutions/Gigamon%20Connector/ReleaseNotes.md\">Release Notes</a></p>\n<p>• There may be <a href=\"https://aka.ms/sentinelsolutionsknownissues\">known issues</a> pertaining to this Solution, please refer to them before installing.</p>\n<p>Gigamon Application Metadata Intelligence empowers your Observability, Security Information and Event Management (SIEM), and Network Performance Monitoring tools with critical metadata attributes across thousands of business, consumer, and IT applications and services. Get deep application visibility to rapidly pinpoint performance bottlenecks, quality issues, and potential network security risks. Application Metadata Intelligence (AMI) helps you monitor and manage complex digital applications for your digital transformation initiatives. This can be achieved through the Gigamon Connector Solution by sending the AMI metadata to Microsoft Sentinel.  Some benefits to highlight are Rich Actionable Insights, Boost Security Posture etc..</p>\n<p>For more, <a href=\"https://www.gigamon.com/products/optimize-traffic/application-intelligence/application-metadata.html\">click here</a></p>\n<p><strong>Underlying Microsoft Technologies used:</strong></p>\n<p>This solution takes a dependency on the following technologies, and some of these dependencies either may be in <a href=\"https://azure.microsoft.com/support/legal/preview-supplemental-terms/\">Preview</a> state or might result in additional ingestion or operational costs:</p>\n<ol type=\"a\">\n<li><a href=\"https://docs.microsoft.com/azure/azure-monitor/logs/data-collector-api\">Azure Monitor HTTP Data Collector API</a></li>\n</ol>\n<p><strong>Data Connectors:</strong> 1, <strong>Workbooks:</strong> 1</p>\n<p><a href=\"https://aka.ms/azuresentinel\">Learn more about Microsoft Sentinel</a> | <a href=\"https://aka.ms/azuresentinelsolutionsdoc\">Learn more about Solutions</a></p>\n",
        "contentKind": "Solution",
        "contentProductId": "[variables('_solutioncontentProductId')]",
        "id": "[variables('_solutioncontentProductId')]",
        "icon": "<img src=\"https://raw.githubusercontent.com/Azure/Azure-Sentinel/master/Logos/gigamon.svg\" width=\"75px\" height=\"75px\">",
        "contentId": "[variables('_solutionId')]",
        "parentId": "[variables('_solutionId')]",
        "source": {
          "kind": "Solution",
          "name": "Gigamon Connector",
          "sourceId": "[variables('_solutionId')]"
        },
        "author": {
          "name": "Gigamon"
        },
        "support": {
          "name": "Gigamon",
          "tier": "Partner",
          "link": "https://www.gigamon.com/"
        },
        "dependencies": {
          "operator": "AND",
          "criteria": [
            {
              "kind": "Workbook",
              "contentId": "[variables('_workbookContentId1')]",
              "version": "[variables('workbookVersion1')]"
            },
            {
              "kind": "DataConnector",
              "contentId": "[variables('_dataConnectorContentIdConnections1')]",
              "version": "[variables('dataConnectorCCPVersion')]"
            }
          ]
        },
        "providers": [
          "Gigamon"
        ],
        "categories": {
          "domains": [
            "Security - Network"
          ]
        }
      },
      "name": "[concat(parameters('workspace'),'/Microsoft.SecurityInsights/', variables('_solutionId'))]"
    }
  ],
  "outputs": {}
}
